Dataset,Patch_Index,Rows,BII-SPEX-EBM,FBII-SPEX-EBM,FOURIER-SPEX-EBM,FSII-SPEX-EBM,MOBIUS-SPEX-EBM,SII-SPEX-EBM,STII-SPEX-EBM,Baseline-EBM,RuleFit-Support-EBM,Feature_Count_Lower_Bound,Duplicate_Term_Rows
210_cloud,1,80,7,10,6,10,10,7,10,10,10,5,5
229_pwLinear,2,69,8,7,5,7,7,8,7,10,10,10,0
230_machine_cpu,3,89,10,10,9,10,10,10,10,10,10,6,0
527_analcatdata_election2000,4,78,9,10,3,10,8,10,8,10,10,14,0
542_pollution,5,44,3,4,0,5,5,2,5,10,10,15,0
560_bodyfat,6,90,10,10,10,10,10,10,10,10,10,14,4
561_cpu,7,85,10,10,5,10,10,10,10,10,10,7,0
579_fri_c0_250_5,8,90,10,10,10,10,10,10,10,10,10,5,0
591_fri_c1_100_10,9,89,10,10,9,10,10,10,10,10,10,10,0
594_fri_c2_100_5,10,87,10,10,7,10,10,10,10,10,10,5,0
596_fri_c2_250_5,11,86,10,10,6,10,10,10,10,10,10,5,0
601_fri_c1_250_5,12,87,10,10,7,10,10,10,10,10,10,5,0
602_fri_c3_250_10,13,88,10,10,8,10,10,10,10,10,10,10,0
611_fri_c3_100_5,14,90,10,10,10,10,10,10,10,10,10,5,0
613_fri_c3_250_5,15,89,10,10,9,10,10,10,10,10,10,5,0
615_fri_c4_250_10,16,87,10,10,7,10,10,10,10,10,10,10,0
621_fri_c0_100_10,17,76,8,7,7,8,8,9,9,10,10,10,0
624_fri_c0_100_5,18,90,10,10,10,10,10,10,10,10,10,5,0
634_fri_c2_100_10,19,85,10,10,5,10,10,10,10,10,10,10,0
635_fri_c0_250_10,20,88,10,10,8,10,10,10,10,10,10,10,0
656_fri_c1_100_5,21,90,10,10,10,10,10,10,10,10,10,5,0
657_fri_c2_250_10,22,89,10,10,9,10,10,10,10,10,10,10,0
659_sleuth_ex1714,23,88,10,10,8,10,10,10,10,10,10,7,0
665_sleuth_case2002,24,90,10,10,10,10,10,10,10,10,10,6,0
687_sleuth_ex1605,25,90,10,10,10,10,10,10,10,10,10,5,0
695_chatfield_4,26,60,5,6,2,7,7,6,7,10,10,12,0
706_sleuth_case1202,27,79,5,10,10,10,10,4,10,10,10,6,3
