Dataset,Interaction_Patch_Index,Interaction_CSV_Line,Model_Patch_Index,Model_CSV_Line,Ordered_Terms_Equal,Interaction_Terms,Model_Terms,Interaction_MSE,Model_MSE,MSE_Exactly_Equal,Interaction_RMSE,Model_RMSE,RMSE_Exactly_Equal,Interaction_MAE,Model_MAE,MAE_Exactly_Equal,Interaction_R2,Model_R2,R2_Exactly_Equal,Interaction_Train_Time_s,Model_Train_Time_s,Train_Time_s_Exactly_Equal
210_cloud,1,12,31,2,True,"[(2, 3), (3, 4), (1, 2), (2, 4)]","[(2, 3), (3, 4), (1, 2), (2, 4)]",0.0754940537686326,0.07549641226238245,False,0.2747618127917936,0.27476610464608336,False,0.2127049839832851,0.21271009556333115,False,0.9513246071909937,0.9513230865333526,False,4.245373276993632,3.8825172999640927,False
229_pwLinear,2,13,32,2,True,"[(0, 4), (0, 5), (0, 2), (0, 1)]","[(0, 4), (0, 5), (0, 2), (0, 1)]",2.5902623728764773,2.5903007997335017,False,1.6094292071652228,1.6094411451598662,False,1.2839358363461446,1.2839605096392233,False,0.8131767715000958,0.8131739999548016,False,2.303246360272169,2.3807742000208236,False
230_machine_cpu,3,15,33,2,True,"[(3, 4), (2, 3), (1, 2), (2, 4)]","[(3, 4), (2, 3), (1, 2), (2, 4)]",4861.0589003085815,4806.55538786384,False,69.72129445376486,69.32932559793035,False,32.58984273356018,33.365936596454105,False,0.9045107171791616,0.9055813689489302,False,7.533268298953772,7.431392400001641,False
527_analcatdata_election2000,4,14,34,2,True,"[(0, 9, 11), (0, 11), (9, 10), (0, 9)]","[(0, 9, 11), (0, 11), (9, 10), (0, 9)]",4701311623.135765,4696034420.954606,False,68566.11133158833,68527.61794309362,False,32576.66289629337,32527.585038738653,False,0.6667839092396821,0.667157942875807,False,554.8933408930898,351.0609490000061,False
542_pollution,5,8,35,2,True,"[(12, 13), (8, 13), (8, 12, 13), (5, 13)]","[(12, 13), (8, 13), (8, 12, 13), (5, 13)]",3517.6405043504687,3447.458900530235,False,59.309699917892594,58.715065362564616,False,44.79908887340702,43.672431123599274,False,0.5013402634305074,0.5112891880092811,False,22.580048445612192,28.58392050000839,False
560_bodyfat,6,15,36,2,True,"[(0, 1), (0, 5), (0, 6), (0, 10)]","[(0, 1), (0, 5), (0, 6), (0, 10)]",1.848075070322632,1.8480750320615704,False,1.3594392484854303,1.3594392344130615,False,1.1289311669252355,1.1289311478117432,False,0.9602718891284088,0.9602718899509075,False,2.7855464965105057,2.249169000016991,False
561_cpu,7,15,37,2,True,"[(3, 4), (2, 3), (1, 6), (1, 3)]","[(3, 4), (2, 3), (1, 6), (1, 3)]",6547.293977205686,6521.022530181603,False,80.91535068950567,80.75284843385775,False,18.834791158173,18.708595184186557,False,0.8782056485963929,0.8786943564292583,False,18.61334541067481,10.047665200021584,False
579_fri_c0_250_5,8,15,38,2,True,"[(0, 1), (1, 2), (0, 3), (1, 3)]","[(0, 1), (1, 2), (0, 3), (1, 3)]",0.0799694466917481,0.08009788231425605,False,0.2827886961880692,0.2830156926996382,False,0.2302948704404909,0.23022320692949727,False,0.8992519644064985,0.8990901571513129,False,8.572062995284796,3.3356693999958225,False
591_fri_c1_100_10,9,15,39,2,True,"[(0, 1), (0, 1, 2), (0, 2), (0, 3)]","[(0, 1), (0, 1, 2), (0, 2), (0, 3)]",0.0769161866315794,0.0769162472213524,False,0.27733767618479,0.2773377854194275,False,0.236782184332309,0.23678254926205483,False,0.8573440237396226,0.857343911364145,False,256.48294173553586,310.26440650003497,False
594_fri_c2_100_5,10,15,40,2,True,"[(0, 1), (0, 2), (0, 1, 2), (1, 4)]","[(0, 1), (0, 2), (0, 1, 2), (1, 4)]",0.1509768045531542,0.15097685926610685,False,0.3885573375361147,0.38855740794135796,False,0.2859651329966171,0.2859654251237211,False,0.8693743787815476,0.8693743314437234,False,1395.9782002866268,1847.7453913000063,False
596_fri_c2_250_5,11,15,41,2,True,"[(0, 1), (0, 1, 2), (0, 1, 3), (0, 2)]","[(0, 1), (0, 1, 2), (0, 1, 3), (0, 2)]",0.0908204466944765,0.09077397211667236,False,0.3013643089260513,0.3012871920886654,False,0.2288664173457612,0.22878788161897684,False,0.9069057819108528,0.9069534200214234,False,2988.4433467909694,4028.035429499985,False
601_fri_c1_250_5,12,15,42,2,True,"[(0, 1), (0, 2), (1, 2), (0, 1, 3)]","[(0, 1), (0, 2), (1, 2), (0, 1, 3)]",0.0551934616523136,0.05552322592364965,False,0.234932887549431,0.2356336689092831,False,0.1830436401317324,0.18270226016041458,False,0.9523417388168802,0.9520569950935893,False,3012.1479192227125,2554.683778800012,False
602_fri_c3_250_10,13,15,43,2,True,"[(0, 1), (1, 3), (1, 2), (1, 4)]","[(0, 1), (1, 3), (1, 2), (1, 4)]",0.0793512472146137,0.07940502911372413,False,0.2816935342080356,0.2817889797591881,False,0.2202255153006344,0.22028267317736266,False,0.9356863798239458,0.9356427899781254,False,35.917603148147464,47.31776449998142,False
611_fri_c3_100_5,14,15,44,2,True,"[(0, 1), (0, 1, 3), (1, 4), (0, 2)]","[(0, 1), (0, 1, 3), (1, 4), (0, 2)]",0.1231261029653877,0.12312614110812445,False,0.3508932928475375,0.3508933471984393,False,0.2777521003985255,0.2777520089771877,False,0.7740440984367328,0.7740440284387694,False,1465.333554746583,2483.5872395000188,False
613_fri_c3_250_5,15,15,45,2,True,"[(0, 1), (0, 1, 3), (0, 1, 2), (0, 4)]","[(0, 1), (0, 1, 3), (0, 1, 2), (0, 4)]",0.0558094980377644,0.055778847323023385,False,0.2362403395649532,0.23617545876534968,False,0.1882286775509591,0.18816583970681555,False,0.9426585023143302,0.9426899944070776,False,1945.5699802301824,2857.2908122999943,False
615_fri_c4_250_10,16,15,46,2,True,"[(0, 1), (0, 1, 2), (0, 1, 3), (0, 4)]","[(0, 1), (0, 1, 2), (0, 1, 3), (0, 4)]",0.0962304307877763,0.09586949131773417,False,0.3102103009053316,0.3096279885891038,False,0.2476004020129359,0.2475463032835534,False,0.8649210281468387,0.8654276800667708,False,976.737691193819,1370.5849248000304,False
621_fri_c0_100_10,17,13,47,2,True,"[(0, 1), (0, 3), (1, 4), (1, 3)]","[(0, 1), (0, 3), (1, 4), (1, 3)]",0.3015411810659206,0.30154118106592065,False,0.549127654617686,0.549127654617686,True,0.4285691456894279,0.42856914568942794,False,0.7280984987721282,0.7280984987721282,True,5.707497365074232,5.467629400023725,False
624_fri_c0_100_5,18,15,48,2,True,"[(0, 1), (0, 2), (1, 2), (1, 3)]","[(0, 1), (0, 2), (1, 2), (1, 3)]",0.0733414238867421,0.07334142388674211,False,0.2708162179167675,0.2708162179167675,True,0.2224024773436252,0.22240247734362528,False,0.91456763581996,0.9145676358199601,False,4.460458043962717,4.598716599983163,False
634_fri_c2_100_10,19,15,49,2,True,"[(0, 1), (0, 1, 3), (0, 3), (1, 3)]","[(0, 1), (0, 1, 3), (0, 3), (1, 3)]",0.2782145786639678,0.2782145786639678,True,0.5274604996243489,0.5274604996243489,True,0.4300119110688605,0.43001191106886055,False,0.7789160407543542,0.7789160407543542,True,236.8243148624897,243.6331076999777,False
635_fri_c0_250_10,20,15,50,2,True,"[(0, 1), (0, 3), (0, 2), (0, 2, 3)]","[(0, 1), (0, 3), (0, 2), (0, 2, 3)]",0.1290457363797988,0.1289216142114885,False,0.3592293645845212,0.3590565612984791,False,0.2775257572793239,0.27730264600759374,False,0.8627583282688178,0.8628903336674905,False,5126.534988813102,7468.369127199985,False
656_fri_c1_100_5,21,15,51,2,True,"[(0, 1), (1, 2), (0, 1, 2), (1, 3)]","[(0, 1), (1, 2), (0, 1, 2), (1, 3)]",0.0695125704050468,0.06951257040504687,False,0.2636523665834366,0.26365236658343666,False,0.2148972237992618,0.21489722379926182,False,0.897689236300176,0.897689236300176,True,162.5548009350896,263.6603983999812,False
657_fri_c2_250_10,22,15,52,2,True,"[(0, 1), (1, 2), (0, 1, 3), (2, 3)]","[(0, 1), (1, 2), (0, 1, 3), (2, 3)]",0.0997459878980736,0.09931627903946262,False,0.3158258822485478,0.3151448540583562,False,0.2585080398988535,0.2576478646177469,False,0.8945134990443001,0.8949679382140325,False,240.78752160072327,415.36126640002476,False
659_sleuth_ex1714,23,15,53,2,True,"[(4, 5), (1, 4, 5), (3, 5), (5, 6)]","[(4, 5), (1, 4, 5), (3, 5), (5, 6)]",1889668.079264864,1889668.0792648639,False,1374.651984781917,1374.651984781917,True,965.7296146488194,965.7296146488194,True,0.69487686809919,0.69487686809919,True,196.34394881129265,278.4214569000178,False
665_sleuth_case2002,24,15,54,2,True,"[(2, 5), (1, 5), (0, 1, 2), (0, 5)]","[(2, 5), (1, 5), (0, 1, 2), (0, 5)]",64.97290032088328,64.97290032088328,True,8.06057692233523,8.06057692233523,True,6.202000411437756,6.202000411437756,True,0.3476325328127655,0.3476325328127655,True,4.1901436960324645,2.3689128999831155,False
687_sleuth_ex1605,25,15,55,2,True,"[(3, 4), (0, 1, 4), (0, 3, 4), (0, 2, 3)]","[(3, 4), (0, 1, 4), (0, 3, 4), (0, 2, 3)]",111.92356799524268,111.92356578737324,False,10.579393555173317,10.579393450825677,False,8.704844234411222,8.704844173242849,False,0.6822916724133967,0.6822916786806961,False,122.99860731419176,102.36958820000291,False
695_chatfield_4,26,10,56,2,True,"[(10, 11), (8, 11), (9, 10, 11), (6, 11)]","[(10, 11), (8, 11), (9, 10, 11), (6, 11)]",273.28685893022737,273.28685893022737,True,16.53139010882713,16.53139010882713,True,12.4176645370674,12.4176645370674,True,0.878123210369126,0.878123210369126,True,86.80234372895211,138.30059369996889,False
706_sleuth_case1202,27,10,57,2,True,"[(2, 4), (0, 4), (1, 4), (1, 3, 5)]","[(2, 4), (0, 4), (1, 4), (1, 3, 5)]",1373.0059755241828,1373.798398811885,False,37.05409525982496,37.064786507032316,False,25.055834507002068,25.050228232411794,False,0.8323264260260813,0.8322296540912771,False,65.26978948153555,55.64407989999745,False
