Dataset,Patch_Index,CSV_Line,Model,Num_Interactions,Interactions,Train_Time_s,MSE,RMSE,MAE,R2,Index,Model_Type,Unique_Interactions
210_cloud,1,73,Model 6,6,"[(2, 4), (2, 3), (1, 2, 3), (2, 3, 4), (3, 4), (3, 4)]",264.23865613155067,0.0758512438703722,0.2754110452947962,0.2078101396493503,0.9510943060263092,,RuleFit-Support-EBM,5
210_cloud,1,75,Model 7,7,"[(2, 4), (2, 3), (1, 2, 3), (2, 3, 4), (3, 4), (3, 4), (3, 4)]",249.00632270798087,0.0758512438703722,0.2754110452947962,0.2078101396493503,0.9510943060263092,,RuleFit-Support-EBM,5
210_cloud,1,77,Model 8,8,"[(2, 4), (2, 3), (1, 2, 3), (2, 3, 4), (3, 4), (3, 4), (3, 4), (3, 4)]",319.44777322001755,0.0758512438703722,0.2754110452947962,0.2078101396493503,0.9510943060263092,,RuleFit-Support-EBM,5
210_cloud,1,79,Model 9,9,"[(2, 4), (2, 3), (1, 2, 3), (2, 3, 4), (3, 4), (3, 4), (3, 4), (3, 4), (3, 4)]",249.47029277682304,0.0758512438703722,0.2754110452947962,0.2078101396493503,0.9510943060263092,,RuleFit-Support-EBM,5
210_cloud,1,81,Model 10,10,"[(2, 4), (2, 3), (1, 2, 3), (2, 3, 4), (3, 4), (3, 4), (3, 4), (3, 4), (3, 4), (3, 4)]",250.86908635497093,0.0758512438703722,0.2754110452947962,0.2078101396493503,0.9510943060263092,,RuleFit-Support-EBM,5
560_bodyfat,6,85,Model 7,7,"[(0, 3), (0, 9), (0, 4), (0, 8), (0, 5), (0, 11), (0, 11)]",4.664829988032579,1.9110036009510047,1.3823905385060349,1.1477744398711849,0.9589191131065158,,RuleFit-Support-EBM,6
560_bodyfat,6,87,Model 8,8,"[(0, 3), (0, 9), (0, 4), (0, 8), (0, 5), (0, 11), (0, 11), (0, 11)]",4.270927399396896,1.9110036009510047,1.3823905385060349,1.1477744398711849,0.9589191131065158,,RuleFit-Support-EBM,6
560_bodyfat,6,89,Model 9,9,"[(0, 3), (0, 9), (0, 4), (0, 8), (0, 5), (0, 11), (0, 11), (0, 11), (0, 11)]",4.913896942511201,1.9110036009510047,1.3823905385060349,1.1477744398711849,0.9589191131065158,,RuleFit-Support-EBM,6
560_bodyfat,6,91,Model 10,10,"[(0, 3), (0, 9), (0, 4), (0, 8), (0, 5), (0, 11), (0, 11), (0, 11), (0, 11), (0, 11)]",3.3122425079345703,1.9110036009510047,1.3823905385060349,1.1477744398711849,0.9589191131065158,,RuleFit-Support-EBM,6
706_sleuth_case1202,27,76,Model 8,8,"[(3, 4), (0, 4), (1, 4), (2, 3, 4), (1, 2, 4), (2, 4), (0, 1, 4), (0, 1, 4)]",150.3487094976008,1350.8724982307533,36.75421742100834,27.4857408521643,0.8350293998720932,,RuleFit-Support-EBM,7
706_sleuth_case1202,27,78,Model 9,9,"[(3, 4), (0, 4), (1, 4), (2, 3, 4), (1, 2, 4), (2, 4), (0, 1, 4), (0, 1, 4), (0, 1, 4)]",118.85651606321336,1350.8724982307533,36.75421742100834,27.4857408521643,0.8350293998720932,,RuleFit-Support-EBM,7
706_sleuth_case1202,27,80,Model 10,10,"[(3, 4), (0, 4), (1, 4), (2, 3, 4), (1, 2, 4), (2, 4), (0, 1, 4), (0, 1, 4), (0, 1, 4), (0, 1, 4)]",126.70102903433144,1350.8724982307533,36.75421742100834,27.4857408521643,0.8350293998720932,,RuleFit-Support-EBM,7
