cell_id,timestamp,value
1001,2026-01-01T00:00:00Z,41.24
1001,2026-01-01T01:00:00Z,43.15
1001,2026-01-01T02:00:00Z,45.79
1001,2026-01-01T03:00:00Z,42.16
1001,2026-01-01T04:00:00Z,51.77
1001,2026-01-01T05:00:00Z,57.44
1001,2026-01-01T06:00:00Z,64.33
1001,2026-01-01T07:00:00Z,66.66
1001,2026-01-01T08:00:00Z,73.67
1001,2026-01-01T09:00:00Z,84.56
1001,2026-01-01T10:00:00Z,94.48
1001,2026-01-01T11:00:00Z,94.38
1001,2026-01-01T12:00:00Z,99.95
1001,2026-01-01T13:00:00Z,99.21
1001,2026-01-01T14:00:00Z,103.56
1001,2026-01-01T15:00:00Z,101.63
1001,2026-01-01T16:00:00Z,91.51
1001,2026-01-01T17:00:00Z,91.34
1001,2026-01-01T18:00:00Z,74.83
1001,2026-01-01T19:00:00Z,74.65
1001,2026-01-01T20:00:00Z,67.59
1001,2026-01-01T21:00:00Z,53.19
1001,2026-01-01T22:00:00Z,52.6
1001,2026-01-01T23:00:00Z,46.45
1001,2026-01-02T00:00:00Z,47.49
1001,2026-01-02T01:00:00Z,39.1
1001,2026-01-02T02:00:00Z,43.5
1001,2026-01-02T03:00:00Z,50.0
1001,2026-01-02T04:00:00Z,52.41
1001,2026-01-02T05:00:00Z,55.41
1001,2026-01-02T06:00:00Z,60.45
1001,2026-01-02T07:00:00Z,76.88
1001,2026-01-02T08:00:00Z,80.07
1001,2026-01-02T09:00:00Z,92.6
1001,2026-01-02T10:00:00Z,90.35
1001,2026-01-02T11:00:00Z,101.9
1001,2026-01-02T12:00:00Z,104.99
1001,2026-01-02T13:00:00Z,107.16
1001,2026-01-02T14:00:00Z,97.2
1001,2026-01-02T15:00:00Z,97.82
1001,2026-01-02T16:00:00Z,89.93
1001,2026-01-02T17:00:00Z,90.8
1001,2026-01-02T18:00:00Z,79.67
1001,2026-01-02T19:00:00Z,78.04
1001,2026-01-02T20:00:00Z,64.5
1001,2026-01-02T21:00:00Z,61.34
1001,2026-01-02T22:00:00Z,56.14
1001,2026-01-02T23:00:00Z,45.17
1001,2026-01-03T00:00:00Z,45.43
1001,2026-01-03T01:00:00Z,48.49
1001,2026-01-03T02:00:00Z,45.29
1001,2026-01-03T03:00:00Z,46.7
1001,2026-01-03T04:00:00Z,50.62
1001,2026-01-03T05:00:00Z,62.1
1001,2026-01-03T06:00:00Z,63.48
1001,2026-01-03T07:00:00Z,75.44
1001,2026-01-03T08:00:00Z,82.8
1001,2026-01-03T09:00:00Z,90.09
1001,2026-01-03T10:00:00Z,92.15
1001,2026-01-03T11:00:00Z,102.29
1001,2026-01-03T12:00:00Z,107.94
1001,2026-01-03T13:00:00Z,103.07
1001,2026-01-03T14:00:00Z,102.26
1001,2026-01-03T15:00:00Z,105.11
1001,2026-01-03T16:00:00Z,97.12
1001,2026-01-03T17:00:00Z,87.93
1001,2026-01-03T18:00:00Z,78.14
1001,2026-01-03T19:00:00Z,77.89
1001,2026-01-03T20:00:00Z,66.16
1001,2026-01-03T21:00:00Z,60.19
1001,2026-01-03T22:00:00Z,52.11
1001,2026-01-03T23:00:00Z,51.03
1001,2026-01-04T00:00:00Z,49.07
1001,2026-01-04T01:00:00Z,43.94
1001,2026-01-04T02:00:00Z,42.69
1001,2026-01-04T03:00:00Z,54.89
1001,2026-01-04T04:00:00Z,58.97
1001,2026-01-04T05:00:00Z,56.37
1001,2026-01-04T06:00:00Z,69.12
1001,2026-01-04T07:00:00Z,78.18
1001,2026-01-04T08:00:00Z,83.19
1001,2026-01-04T09:00:00Z,93.8
1001,2026-01-04T10:00:00Z,102.37
1001,2026-01-04T11:00:00Z,103.52
1001,2026-01-04T12:00:00Z,104.61
1001,2026-01-04T13:00:00Z,103.76
1001,2026-01-04T14:00:00Z,103.37
1001,2026-01-04T15:00:00Z,99.45
1001,2026-01-04T16:00:00Z,94.36
1001,2026-01-04T17:00:00Z,89.24
1001,2026-01-04T18:00:00Z,88.38
1001,2026-01-04T19:00:00Z,77.65
1001,2026-01-04T20:00:00Z,72.64
1001,2026-01-04T21:00:00Z,66.64
1001,2026-01-04T22:00:00Z,59.41
1001,2026-01-04T23:00:00Z,47.11
1002,2026-01-01T00:00:00Z,83.28
1002,2026-01-01T01:00:00Z,72.03
1002,2026-01-01T02:00:00Z,77.87
1002,2026-01-01T03:00:00Z,79.65
1002,2026-01-01T04:00:00Z,80.91
1002,2026-01-01T05:00:00Z,83.22
1002,2026-01-01T06:00:00Z,86.23
1002,2026-01-01T07:00:00Z,93.65
1002,2026-01-01T08:00:00Z,107.01
1002,2026-01-01T09:00:00Z,110.9
1002,2026-01-01T10:00:00Z,121.12
1002,2026-01-01T11:00:00Z,124.75
1002,2026-01-01T12:00:00Z,128.57
1002,2026-01-01T13:00:00Z,132.97
1002,2026-01-01T14:00:00Z,138.37
1002,2026-01-01T15:00:00Z,135.05
1002,2026-01-01T16:00:00Z,131.19
1002,2026-01-01T17:00:00Z,127.44
1002,2026-01-01T18:00:00Z,121.98
1002,2026-01-01T19:00:00Z,114.44
1002,2026-01-01T20:00:00Z,106.05
1002,2026-01-01T21:00:00Z,103.59
1002,2026-01-01T22:00:00Z,94.28
1002,2026-01-01T23:00:00Z,82.92
1002,2026-01-02T00:00:00Z,79.12
1002,2026-01-02T01:00:00Z,74.91
1002,2026-01-02T02:00:00Z,75.72
1002,2026-01-02T03:00:00Z,73.47
1002,2026-01-02T04:00:00Z,83.7
1002,2026-01-02T05:00:00Z,86.79
1002,2026-01-02T06:00:00Z,91.63
1002,2026-01-02T07:00:00Z,103.65
1002,2026-01-02T08:00:00Z,105.85
1002,2026-01-02T09:00:00Z,116.19
1002,2026-01-02T10:00:00Z,127.02
1002,2026-01-02T11:00:00Z,129.57
1002,2026-01-02T12:00:00Z,134.99
1002,2026-01-02T13:00:00Z,135.62
1002,2026-01-02T14:00:00Z,143.02
1002,2026-01-02T15:00:00Z,139.65
1002,2026-01-02T16:00:00Z,132.21
1002,2026-01-02T17:00:00Z,128.05
1002,2026-01-02T18:00:00Z,124.28
1002,2026-01-02T19:00:00Z,116.39
1002,2026-01-02T20:00:00Z,108.75
1002,2026-01-02T21:00:00Z,97.76
1002,2026-01-02T22:00:00Z,94.44
1002,2026-01-02T23:00:00Z,89.59
1002,2026-01-03T00:00:00Z,85.51
1002,2026-01-03T01:00:00Z,79.44
1002,2026-01-03T02:00:00Z,78.46
1002,2026-01-03T03:00:00Z,80.14
1002,2026-01-03T04:00:00Z,83.54
1002,2026-01-03T05:00:00Z,87.78
1002,2026-01-03T06:00:00Z,89.44
1002,2026-01-03T07:00:00Z,99.27
1002,2026-01-03T08:00:00Z,114.36
1002,2026-01-03T09:00:00Z,120.59
1002,2026-01-03T10:00:00Z,124.31
1002,2026-01-03T11:00:00Z,133.45
1002,2026-01-03T12:00:00Z,132.89
1002,2026-01-03T13:00:00Z,136.53
1002,2026-01-03T14:00:00Z,140.14
1002,2026-01-03T15:00:00Z,141.01
1002,2026-01-03T16:00:00Z,131.38
1002,2026-01-03T17:00:00Z,131.13
1002,2026-01-03T18:00:00Z,129.34
1002,2026-01-03T19:00:00Z,119.25
1002,2026-01-03T20:00:00Z,115.37
1002,2026-01-03T21:00:00Z,98.74
1002,2026-01-03T22:00:00Z,99.69
1002,2026-01-03T23:00:00Z,92.84
1002,2026-01-04T00:00:00Z,80.04
1002,2026-01-04T01:00:00Z,82.23
1002,2026-01-04T02:00:00Z,83.51
1002,2026-01-04T03:00:00Z,79.24
1002,2026-01-04T04:00:00Z,86.59
1002,2026-01-04T05:00:00Z,93.45
1002,2026-01-04T06:00:00Z,99.18
1002,2026-01-04T07:00:00Z,102.84
1002,2026-01-04T08:00:00Z,106.98
1002,2026-01-04T09:00:00Z,119.64
1002,2026-01-04T10:00:00Z,123.44
1002,2026-01-04T11:00:00Z,133.24
1002,2026-01-04T12:00:00Z,135.4
1002,2026-01-04T13:00:00Z,139.25
1002,2026-01-04T14:00:00Z,142.32
1002,2026-01-04T15:00:00Z,144.13
1002,2026-01-04T16:00:00Z,142.77
1002,2026-01-04T17:00:00Z,132.39
1002,2026-01-04T18:00:00Z,122.27
1002,2026-01-04T19:00:00Z,122.55
1002,2026-01-04T20:00:00Z,110.75
1002,2026-01-04T21:00:00Z,107.25
1002,2026-01-04T22:00:00Z,100.83
1002,2026-01-04T23:00:00Z,86.72
1003,2026-01-01T00:00:00Z,121.1
1003,2026-01-01T01:00:00Z,111.95
1003,2026-01-01T02:00:00Z,109.4
1003,2026-01-01T03:00:00Z,108.58
1003,2026-01-01T04:00:00Z,111.73
1003,2026-01-01T05:00:00Z,111.85
1003,2026-01-01T06:00:00Z,119.21
1003,2026-01-01T07:00:00Z,123.39
1003,2026-01-01T08:00:00Z,129.12
1003,2026-01-01T09:00:00Z,138.22
1003,2026-01-01T10:00:00Z,150.37
1003,2026-01-01T11:00:00Z,153.99
1003,2026-01-01T12:00:00Z,159.18
1003,2026-01-01T13:00:00Z,165.68
1003,2026-01-01T14:00:00Z,167.23
1003,2026-01-01T15:00:00Z,176.04
1003,2026-01-01T16:00:00Z,173.13
1003,2026-01-01T17:00:00Z,163.86
1003,2026-01-01T18:00:00Z,160.59
1003,2026-01-01T19:00:00Z,155.88
1003,2026-01-01T20:00:00Z,149.65
1003,2026-01-01T21:00:00Z,140.56
1003,2026-01-01T22:00:00Z,134.23
1003,2026-01-01T23:00:00Z,129.44
1003,2026-01-02T00:00:00Z,117.25
1003,2026-01-02T01:00:00Z,116.61
1003,2026-01-02T02:00:00Z,109.75
1003,2026-01-02T03:00:00Z,112.51
1003,2026-01-02T04:00:00Z,111.43
1003,2026-01-02T05:00:00Z,119.37
1003,2026-01-02T06:00:00Z,125.0
1003,2026-01-02T07:00:00Z,132.05
1003,2026-01-02T08:00:00Z,133.87
1003,2026-01-02T09:00:00Z,143.81
1003,2026-01-02T10:00:00Z,147.17
1003,2026-01-02T11:00:00Z,159.92
1003,2026-01-02T12:00:00Z,166.87
1003,2026-01-02T13:00:00Z,168.21
1003,2026-01-02T14:00:00Z,170.23
1003,2026-01-02T15:00:00Z,175.7
1003,2026-01-02T16:00:00Z,174.68
1003,2026-01-02T17:00:00Z,172.25
1003,2026-01-02T18:00:00Z,162.46
1003,2026-01-02T19:00:00Z,155.87
1003,2026-01-02T20:00:00Z,148.79
1003,2026-01-02T21:00:00Z,140.51
1003,2026-01-02T22:00:00Z,130.99
1003,2026-01-02T23:00:00Z,124.98
1003,2026-01-03T00:00:00Z,122.55
1003,2026-01-03T01:00:00Z,117.24
1003,2026-01-03T02:00:00Z,118.92
1003,2026-01-03T03:00:00Z,112.86
1003,2026-01-03T04:00:00Z,111.89
1003,2026-01-03T05:00:00Z,122.57
1003,2026-01-03T06:00:00Z,118.83
1003,2026-01-03T07:00:00Z,127.8
1003,2026-01-03T08:00:00Z,139.35
1003,2026-01-03T09:00:00Z,142.77
1003,2026-01-03T10:00:00Z,157.04
1003,2026-01-03T11:00:00Z,162.15
1003,2026-01-03T12:00:00Z,164.1
1003,2026-01-03T13:00:00Z,174.5
1003,2026-01-03T14:00:00Z,178.16
1003,2026-01-03T15:00:00Z,175.18
1003,2026-01-03T16:00:00Z,170.53
1003,2026-01-03T17:00:00Z,167.22
1003,2026-01-03T18:00:00Z,169.67
1003,2026-01-03T19:00:00Z,164.24
1003,2026-01-03T20:00:00Z,154.74
1003,2026-01-03T21:00:00Z,148.26
1003,2026-01-03T22:00:00Z,140.77
1003,2026-01-03T23:00:00Z,128.05
1003,2026-01-04T00:00:00Z,121.68
1003,2026-01-04T01:00:00Z,123.54
1003,2026-01-04T02:00:00Z,120.33
1003,2026-01-04T03:00:00Z,115.36
1003,2026-01-04T04:00:00Z,114.8
1003,2026-01-04T05:00:00Z,115.97
1003,2026-01-04T06:00:00Z,124.07
1003,2026-01-04T07:00:00Z,135.41
1003,2026-01-04T08:00:00Z,135.67
1003,2026-01-04T09:00:00Z,144.64
1003,2026-01-04T10:00:00Z,149.68
1003,2026-01-04T11:00:00Z,162.33
1003,2026-01-04T12:00:00Z,163.53
1003,2026-01-04T13:00:00Z,174.53
1003,2026-01-04T14:00:00Z,175.78
1003,2026-01-04T15:00:00Z,176.19
1003,2026-01-04T16:00:00Z,173.61
1003,2026-01-04T17:00:00Z,171.13
1003,2026-01-04T18:00:00Z,172.34
1003,2026-01-04T19:00:00Z,166.69
1003,2026-01-04T20:00:00Z,157.64
1003,2026-01-04T21:00:00Z,144.57
1003,2026-01-04T22:00:00Z,136.84
1003,2026-01-04T23:00:00Z,131.23
